"sku","name","ingram_micro_usa","synnex","tech_data","manufacturer_pn_2","etilize_manufactureid","warehouse_errors"
"tetsttt","Test","","","","","","No Warehouse SKUs Available"
"TH-2064","EndNote X4 for Mac","","","","2064","1036711","No Warehouse SKUs Available"
"TH-30579665","EndNote X6 for Mac - Academic","","","","30579665","1036711","No Warehouse SKUs Available"
"TH-30579673","EndNote X6 - Academic","PW3930","","","30579673","1036711",""
"TH-30582377","EndNote X6 for Mac - Upgrade","","","","30582377","1036711","No Warehouse SKUs Available"
"TH-30582378","EndNote X6 for Mac","PW3924","","","30582378","1036711",""
"TH-30582387","EndNote X6 - Upgrade","QC3793","","","30582387","1036711",""
"TH-30582388","EndNote X6","","","","30582388","1036711","No Warehouse SKUs Available"
"TH-30582391","EndNote X6 - Workstation","","","","30582391","1036711","No Warehouse SKUs Available"
"TH-3106","ProCite 5","","","","3106","1036711","No Warehouse SKUs Available"
"TH-6126","Reference Manager 12","","","","6126","1036711",""
"TH-6702","Reference Manager 12 (5 Users)","","","","6702","1036711",""
"TM-CMNN0101","Worry-Free Business Security Advanced - License","BG2339","","10688386","CMNN0101","10587",""
"TM-CMNN0101HOME","Worry-Free Business Security Advanced - License","","","","CMNN0101","","No Warehouse SKUs Available"
"TM-CMNN0102","Worry-Free Business Security Advanced - One Year (26-50 users)","BG2340","","10688387","CMNN0102","10587",""
"TM-CMNN0103","Worry-Free Business Security Advanced - One Year (51-250 users)","BG2341","","10688388","CMNN0103","10587",""
"TM-CMNN0104","Worry-Free Business Security Advanced - One Year (251+ users)","BG2342","","10688389","CMNN0104","10587",""
"TM-CMRM0014","2 Year Renewal Worry-Free Business Security Advanced (2-25 users)","BU0121","","10688441","CMRM0014","10587",""
"TM-CMRM0015","2 Year Renewal Worry-Free Business Security Advanced (26-50 users)","BU0122","","10688442","CMRM0015","10587",""
"TM-CMRM0016","2 Year Renewal Worry-Free Business Security Advanced (51-250 users)","BU0123","","10688443","CMRM0016","10587",""
"TM-CMRM0017","2 Year Renewal Worry-Free Business Security Advanced (251+ users)","BU0124","","10688444","CMRM0017","10587",""
"TM-CMRN0044","Renewal Worry-Free Business Security Advanced","BG2343","","10688451","CMRN0044","10587",""
"TM-CMRN0044HOME","Renewal Worry-Free Business Security Advanced","","","","CMRN0044","","No Warehouse SKUs Available"
"TM-CMRN0045","1 Year Renewal Worry-Free Business Security Advanced (26-50 users)","BG2344","","10688452","CMRN0045","10587",""
"TM-CMRN0046","1 Year Renewal Worry-Free Business Security Advanced (51-250 users)","BG2345","","10688453","CMRN0046","10587",""
"TM-CMRN0047","1 Year Renewal Worry-Free Business Security Advanced (251+ users)","BG2346","","10688454","CMRN0047","10587",""
"TM-CMRO0001","3 Year Renewal Worry-Free Business Security Advanced (2-25 users)","CY3279","","10688460","CMRO0001","10587",""
"TM-CMRO0002","3 Year Renewal Worry-Free Business Security Advanced (26-50 users)","CY3280","","10688461","CMRO0002","10587",""
"TM-CMRO0003","3 Year Renewal Worry-Free Business Security Advanced (51-250 users)","CY3281","","10688462","CMRO0003","10587",""
"TM-CMRO0004","3 Year Renewal Worry-Free Business Security Advanced (251+ users)","CY3282","","10688463","CMRO0004","10587",""
"TM-CMTN0004","Worry-Free Business Security Advanced - Three Year (2-25 users)","BG2363","","10688468","CMTN0004","10587",""
"TM-CMTN0005","Worry-Free Business Security Advanced - Three Year (26-50 users)","BG2364","","10688469","CMTN0005","10587",""
"TM-CMTN0006","Worry-Free Business Security Advanced - Three Year (51-250 users)","BG2365","","10688470","CMTN0006","10587",""
"TM-CMTN0007","Worry-Free Business Security Advanced - Three Year (251+ users)","BG2366","","10688471","CMTN0007","10587",""
"TM-CMTQ0000","Worry-Free Business Security Advanced - Comp Upgrade - Three Year (2-25 users)","GB6053","","10688476","CMTQ0000","10587",""
"TM-CMTQ0001","Worry-Free Business Security Advanced - Comp Upgrade - Three Year (26-50 users)","GB6054","","10688477","CMTQ0001","10587",""
"TM-CMTQ0002","Worry-Free Business Security Advanced - Comp Upgrade - Three Year (51-250 users)","GB6055","","10688478","CMTQ0002","10587",""
"TM-CMTQ0003","Worry-Free Business Security Advanced - Comp Upgrade - Three Year (251+ users)","GB6056","","10688479","CMTQ0003","10587",""
"TM-CMUM0000","Worry-Free Business Security Advanced - Comp Upgrade","BG2371","","10688493","CMUM0000","10587",""
"TM-CMUM0000HOME","Worry-Free Business Security Advanced - Comp Upgrade","","","","CMUM0000","","No Warehouse SKUs Available"
"TM-CMUM0001","Worry-Free Business Security Advanced - Comp Upgrade - One Year (26-50 users)","BG2372","","10688494","CMUM0001","10587",""
"TM-CMUM0002","Worry-Free Business Security Advanced - Comp Upgrade - One Year (51-250 users)","BG2373","","10688495","CMUM0002","10587",""
"TM-CMUM0003","Worry-Free Business Security Advanced - Comp Upgrade - One Year (251+ users)","BG2374","","10688496","CMUM0003","10587",""
"TM-CMYN0014","Worry-Free Business Security Advanced - Two Year (2-25 users)","BG2355","","10688513","CMYN0014","10587",""
"TM-CMYN0015","Worry-Free Business Security Advanced - Two Year (26-50 users)","BG2356","","10688514","CMYN0015","10587",""
"TM-CMYN0016","Worry-Free Business Security Advanced - Two Year (51-250 users)","BG2357","","10688515","CMYN0016","10587",""
"TM-CMYN0017","Worry-Free Business Security Advanced - Two Year (251+ users)","BG2358","","10688516","CMYN0017","10587",""
"TM-CMYQ0000","Worry-Free Business Security Advanced - Comp Upgrade - Two Year (2-25 users)","GB6061","","10688521","CMYQ0000","10587",""
"TM-CMYQ0001","Worry-Free Business Security Advanced - Comp Upgrade - Two Year (26-50 users)","GB6062","","10688522","CMYQ0001","10587",""
"TM-CMYQ0002","Worry-Free Business Security Advanced - Comp Upgrade - Two Year (51-250 users)","GB6063","","10688523","CMYQ0002","10587",""
"TM-CMYQ0003","Worry-Free Business Security Advanced - Comp Upgrade - Two Year (251+ users)","GB6064","","10688524","CMYQ0003","10587",""
"TM-CSNM0051","Worry-Free Business Security Standard - License","KB6323","","10688709","CSNM0051","10587","No Warehouse Match for SKU 10688709 -> techdata"
"TM-CSNM0051HOME","Worry-Free Business Security Standard - License","","","","CSNM0051","","No Warehouse SKUs Available"
"TM-CSNN0099","Worry-Free Business Security Standard - One Year (2-25 users)","BG2271","","10688723","CSNN0099","10587","No Warehouse Match for SKU 10688723 -> techdata"
"TM-CSNN0100","Worry-Free Business Security Standard - One Year (26-50 users)","BG2272","","10688724","CSNN0100","10587","No Warehouse Match for SKU 10688724 -> techdata"
"TM-CSNN0101","Worry-Free Business Security Standard - One Year (51-250 users)","BG2273","","10688725","CSNN0101","10587","No Warehouse Match for SKU 10688725 -> techdata"
"TM-CSNN0102","Worry-Free Business Security Standard - One Year (251+ users)","BG2274","","10688726","CSNN0102","10587","No Warehouse Match for SKU 10688726 -> techdata"
"TM-CSRM0007","2 Year Renewal Worry-Free Business Security Standard (2-25 users)","BU0113","","10688769","CSRM0007","10587",""
"TM-CSRM0008","2 Year Renewal Worry-Free Business Security Standard (26-50 users)","BU0114","","10688770","CSRM0008","10587",""
"TM-CSRM0009","2 Year Renewal Worry-Free Business Security Standard (51-250 users)","BU0115","","10688771","CSRM0009","10587",""
"TM-CSRM0010","2 Year Renewal Worry-Free Business Security Standard (251+ users)","BU0116","","10688772","CSRM0010","10587",""
"TM-CSRN0051","Renewal Worry-Free Business Security Standard","BG2275","","10688778","CSRN0051","10587",""
"TM-CSRN0051HOME","Renewal Worry-Free Business Security Standard","","","","CSRN0051","","No Warehouse SKUs Available"
"TM-CSRN0052","1 Year Renewal Worry-Free Business Security Standard (26-50 users)","BG2276","","10688779","CSRN0052","10587",""
"TM-CSRN0053","1 Year Renewal Worry-Free Business Security Standard (51-250 users)","BG2277","","10688780","CSRN0053","10587",""
"TM-CSRN0054","1 Year Renewal Worry-Free Business Security Standard (251+ users)","BG2278","","10688781","CSRN0054","10587",""
"TM-CSRO0003","3 Year Renewal Worry-Free Business Security Standard (2-25 users)","CY3271","","10688787","CSRO0003","10587",""
"TM-CSRO0004","3 Year Renewal Worry-Free Business Security Standard (26-50 users)","CY3272","","10688788","CSRO0004","10587",""
"TM-CSRO0005","3 Year Renewal Worry-Free Business Security Standard (51-250 users)","CY3273","","10688789","CSRO0005","10587",""
"TM-CSRO0006","3 Year Renewal Worry-Free Business Security Standard (251+ users)","CY3274","","10688790","CSRO0006","10587",""
"TM-CSTD0000","Worry-Free Business Security Standard - Comp Upgrade - Three Year (2-25 users)","GB6069","","10688795","CSTD0000","10587","No Warehouse Match for SKU 10688795 -> techdata"
"TM-CSTD0001","Worry-Free Business Security Standard - Comp Upgrade - Three Year (26-50 users)","GB6070","","10688796","CSTD0001","10587","No Warehouse Match for SKU 10688796 -> techdata"
"TM-CSTD0002","Worry-Free Business Security Standard - Comp Upgrade - Three Year (51-250 users)","GB6071","","10688797","CSTD0002","10587","No Warehouse Match for SKU 10688797 -> techdata"
"TM-CSTD0003","Worry-Free Business Security Standard - Comp Upgrade - Three Year (251+ users)","GB6072","","10688798","CSTD0003","10587","No Warehouse Match for SKU 10688798 -> techdata"
"TM-CSTN0004","Worry-Free Business Security Standard - Three Year (2-25 users)","BG2295","","10688799","CSTN0004","10587","No Warehouse Match for SKU 10688799 -> techdata"
"TM-CSTN0005","Worry-Free Business Security Standard - Three Year (26-50 users)","BG2296","","10688800","CSTN0005","10587","No Warehouse Match for SKU 10688800 -> techdata"
"TM-CSTN0006","Worry-Free Business Security Standard - Three Year (51-250 users)","BG2297","","10688801","CSTN0006","10587","No Warehouse Match for SKU 10688801 -> techdata"
"TM-CSTN0007","Worry-Free Business Security Standard - Three Year (251+ users)","BG2298","","10688802","CSTN0007","10587","No Warehouse Match for SKU 10688802 -> techdata"
"TM-CSUN0014","Worry-Free Business Security Standard - Comp Upgrade - License","BG2303","","10688828","CSUN0014","10587","No Warehouse Match for SKU 10688828 -> techdata"
"TM-CSUN0014HOME","Worry-Free Business Security Standard - Comp Upgrade - License","","","","CSUN0014","","No Warehouse SKUs Available"
"TM-CSUN0015","Worry-Free Business Security Standard - Comp Upgrade - One Year (26-50 users)","","","","CSUN0015 ","10587","No Warehouse SKUs Available"
"TM-CSUN0016","Worry-Free Business Security Standard - Comp Upgrade - One Year (51-250 users)","BG2305","","10688830","CSUN0016","10587","No Warehouse Match for SKU 10688830 -> techdata"
"TM-CSUN0017","Worry-Free Business Security Standard - Comp Upgrade - One Year (251+ users)","BG2306","","10688831","CSUN0017","10587","No Warehouse Match for SKU 10688831 -> techdata"
"TM-CSYD0000","Worry-Free Business Security Standard - Comp Upgrade - Two Year (2-25 users)","GB6077","","10688840","CSYD0000","10587","No Warehouse Match for SKU 10688840 -> techdata"
"TM-CSYD0001","Worry-Free Business Security Standard - Comp Upgrade - Two Year (26-50 users)","GB6078","","10688841","CSYD0001","10587","No Warehouse Match for SKU 10688841 -> techdata"
"TM-CSYD0002","Worry-Free Business Security Standard - Comp Upgrade - Two Year (51-250 users)","GB6079","","10688842","CSYD0002","10587","No Warehouse Match for SKU 10688842 -> techdata"
"TM-CSYD0003","Worry-Free Business Security Standard - Comp Upgrade - Two Year (251+ users)","GB6080","","10688843","CSYD0003","10587","No Warehouse Match for SKU 10688843 -> techdata"
"TM-CSYN0008","Worry-Free Business Security Standard - Two Year (2-25 users)","BG2287","","10688844","CSYN0008","10587","No Warehouse Match for SKU 10688844 -> techdata"
"TM-CSYN0009","Worry-Free Business Security Standard - Two Year (26-50 users)","BG2288","","10688845","CSYN0009","10587","No Warehouse Match for SKU 10688845 -> techdata"
"TM-CSYN0010","Worry-Free Business Security Standard - Two Year (51-250 users)","BG2289","","10688846","CSYN0010","10587","No Warehouse Match for SKU 10688846 -> techdata"
"TM-CSYN0011","Worry-Free Business Security Standard - Two Year (251+ users)","BG2290","","10688847","CSYN0011","10587","No Warehouse Match for SKU 10688847 -> techdata"
"TM-ENNM0033","Trend Micro Enterprise Security - Upgrade License","CN8083","","10692340","ENNM0033","10587",""
"TM-ENNM0033HOME","Trend Micro Enterprise Security - Upgrade License","","","","ENNM0033","","No Warehouse SKUs Available"
"TM-ENNM0034","Trend Micro Enterprise Security - Upgrade License - 25-50 Users","CN8084","","10692341","ENNM0034","10587",""
"TM-ENNM0035","Trend Micro Enterprise Security - Upgrade License - 51-250 Users","CN8085","","10692342","ENNM0035","10587",""
"TM-ENNM0036","Trend Micro Enterprise Security - Upgrade License - 251-500 Users","CN8086","","10692343","ENNM0036","10587",""
"TM-ENNM0037","Trend Micro Enterprise Security - Upgrade License - 500-1000 Users","CN8087","","10692344","ENNM0037","10587",""
"TM-ENNN0203","Trend Micro Enterprise Security for Endpoints Advanced - License","CK6835","","10692424","ENNN0203","10587",""
"TM-ENNN0203HOME","Trend Micro Enterprise Security for Endpoints Advanced - License","","","","ENNN0203","","No Warehouse SKUs Available"
"TM-ENNN0204","Trend Micro Enterprise Security for Endpoints Advanced - License - 26-50 Users","CK6836","","10692425","ENNN0204","10587",""
"TM-ENNN0205","Trend Micro Enterprise Security for Endpoints Advanced - License - 51-250 Users","CK6837","","10692426","ENNN0205","10587",""
"TM-ENNN0206","Trend Micro Enterprise Security for Endpoints Advanced - License - 251-500 Users","CK6838","","10692427","ENNN0206","10587",""
"TM-ENNN0207","Trend Micro Enterprise Security for Endpoints Advanced - License - 501-1000 Users","CK6839","","10692428","ENNN0207","10587",""
"TM-PCNM0033","Smart Surfing for Mac","","","","PCNM0033","10587",""
"TM-PCNN0292","Internet Security 2010","","","","PCNN0292","10587","No Warehouse SKUs Available"
"TM-TINM0001","Titanium Internet Security 2011","","","","TINM0001","10587",""
"TM-TINM0002","Titanium Maximum Security 2011","","","","TINM0002","10587",""
"TM-TINM0024","Titanium Maximum Security 2012","","","","TINM0024","10587","No Warehouse SKUs Available"
"TM-TINM0024DL","Titanium Maximum Security 2012 - Download","","","","TINM0024DL","","No Warehouse SKUs Available"
"TM-TINM0024HOME","Titanium Maximum Security 2012","","","","TINM0024DL","","No Warehouse SKUs Available"
"TM-TINM0025","Titanium Internet Security 2012","","","","TINM0025","10587","No Warehouse SKUs Available"
"TM-TINM0025DL","Titanium Internet Security 2012 - Download","","","","TINM0025DL","","No Warehouse SKUs Available"
"TM-TINM0025HOME","Titanium Internet Security 2012","","","","TINM0025DL","","No Warehouse SKUs Available"
"TM-TINN0017","Titanium Antivirus + 2012","DM6844","","","TINN0017","10587",""
"TM-TINQ0052","Maximum Security 2013","","","","TINQ0052","10587","No Warehouse SKUs Available"
"TM-TINQ0054","Titanium Anivirus + 2013 - 3 Users","","","","TINQ0054","10587",""
"TM-TINQ0055","Internet Security 2013 - 3 Users","","","","TINQ0055","10587","No Warehouse SKUs Available"
"TM-TINX0019","Maximum Security 2013 - 3 Users","","","","TINX0019","10587","No Warehouse SKUs Available"
"TM-TINX0021","Titanium Anivirus + 2013","","","","TINX0021","10587",""
"TM-TINX0022","Internet Security 2013","","","","TINX0022","10587","No Warehouse SKUs Available"
"TM-WFNN0040","Worry-Free Business Security Services - One Year","CL9870","","10701564","WFNN0040","10587",""
"TM-WFNN0040HOME","Worry-Free Business Security Services - One Year","","","","WFNN0040","","No Warehouse SKUs Available"
"TM-WFNN0041","Worry-Free Business Security Services - One Year (26-50 users)","CL9871","","10701565","WFNN0041","10587",""
"TM-WFNN0042","Worry-Free Business Security Services - One Year (51-250 users)","CL9872","","10701566","WFNN0042","10587",""
"TM-WFNN0043","Worry-Free Business Security Services - One Year (251+ users)","CL9873","","10701567","WFNN0043","10587",""
"TM-WFTD0000","Worry-Free Business Security Services - Comp Upgrade - Three Year (2-25 users)","GB6085","","10701643","WFTD0000","10587",""
"TM-WFTD0001","Worry-Free Business Security Services - Comp Upgrade - Three Year (26-50 users)","GB6086","","10701644","WFTD0001","10587","No Warehouse Match for SKU 10701644 -> techdata"
"TM-WFTD0002","Worry-Free Business Security Services - Comp Upgrade - Three Year (51-250 users)","GB6087","","10701645","WFTD0002","10587","No Warehouse Match for SKU 10701645 -> techdata"
"TM-WFTD0003","Worry-Free Business Security Services - Comp Upgrade - Three Year (251+ users)","GB6088","","10701646","WFTD0003","10587","No Warehouse Match for SKU 10701646 -> techdata"
"TM-WFUN0004","Worry-Free Business Security Services - Comp Upgrade License","CL9886","","10701687","WFUN0004","10587","No Warehouse Match for SKU 10701687 -> techdata"
"TM-WFUN0004HOME","Worry-Free Business Security Services - Comp Upgrade License","","","","WFUN0004","","No Warehouse SKUs Available"
"TM-WFUN0005","Worry-Free Business Security Services - Comp Upgrade - One Year (26-50 users)","CL9887","","10701688","WFUN0005","10587","No Warehouse Match for SKU 10701688 -> techdata"
"TM-WFUN0006","Worry-Free Business Security Services - Comp Upgrade - One Year (51-250 users)","CL9888","","10701689","WFUN0006","10587","No Warehouse Match for SKU 10701689 -> techdata"
"TM-WFUN0007","Worry-Free Business Security Services - Comp Upgrade - One Year (251+ users)","CL9889","","10701690","WFUN0007","10587",""
"TM-WFYD0000","Worry-Free Business Security Services - Comp Upgrade - Two Year (2-25 users)","GB6093","","10701703","WFYD0000","10587",""
"TM-WFYD0001","Worry-Free Business Security Services - Comp Upgrade - Two Year (26-50 users)","GB6094","","10701704","WFYD0001","10587","No Warehouse Match for SKU 10701704 -> techdata"
"TM-WFYD0002","Worry-Free Business Security Services - Comp Upgrade - Two Year (51-250 users)","GB6095","","10701705","WFYD0002","10587","No Warehouse Match for SKU 10701705 -> techdata"
"TM-WFYD0003","Worry-Free Business Security Services - Comp Upgrade - Two Year (251+ users)","GB6096","","10701706","WFYD0003","10587",""
"TO-PA3974U1C0K","Camileo X400 1080p HD Camcorder","","","","PA3974U-1C0K","102787","No Warehouse SKUs Available"
"TO-PA3974U1C8K","Camileo X416 1080p HD Camcorder","","","","PA3974U-1C8K","102787","No Warehouse SKUs Available"
"TS-CAMS017","Camtasia Studio 7","","","","CAMS017","102957","No Warehouse SKUs Available"
"TS-CAMS017DL","Camtasia Studio 7 - Download","","","","CAMS017DL","","No Warehouse SKUs Available"
"TS-CAMS017HOME","Camtasia Studio 7","","","","CAMS017DL","","No Warehouse SKUs Available"
"TS-CAMS018","Camtasia Studio 8","","","","CAMS01-8","102957","No Warehouse SKUs Available"
"TS-CAMS018E","Camtasia Studio 8 - Download","","","","CAMS01-8-E","102957","No Warehouse SKUs Available"
"TS-CAMS018HOME","Camtasia Studio 8","","","","CAMS01-8-E","","No Warehouse SKUs Available"
"TS-CAMS01MAINT","Camtasia Studio - Maintenance","","2075256","","CAMS01MAINT","102957",""
"TS-CAMS01REN","Camtasia Studio - Maintenance Renewal","","2075262","","CAMS01REN","102957",""
"TS-CAMS01U7","Camtasia Studio 7 Upgrade","","","","CAMS01U-7","102957","No Warehouse SKUs Available"
"TS-CAMS01U7E","Camtasia Studio 7 Upgrade - Download","","","","CAMS01U-7-E","102957","No Warehouse SKUs Available"
"TS-CAMS01U7HOME","Camtasia Studio 7 Upgrade","","","","CAMS01U-7-E","","No Warehouse SKUs Available"
"TS-CAMS01U8","Camtasia Studio 8 Upgrade","","","","CAMS01U-8","102957","No Warehouse SKUs Available"
"TS-CAMS01U8E","Camtasia Studio 8 Upgrade - Download","","","","CAMS01U-8-E","102957","No Warehouse SKUs Available"
"TS-CAMS01U8HOME","Camtasia Studio 8 Upgrade","","","","CAMS01U-8-E","","No Warehouse SKUs Available"
"TS-CAMS096E","Camtasia Studio 7 License","","","","CAMS09-7-E","102957","No Warehouse SKUs Available"
"TS-CAMS096EHOME","Camtasia Studio 7 License","","","","CAMS09-7-E","","No Warehouse SKUs Available"
"TS-CAMS146E","Camtasia Studio 7 (10-14 Users)","","","","CAMS14-7-E","102957","No Warehouse SKUs Available"
"TS-CAMS1996E","Camtasia Studio 7 (100+ Users)","","","","CAMS199-7-E","102957","No Warehouse SKUs Available"
"TS-CAMS246E","Camtasia Studio 7 (15-24 Users)","","","","CAMS24-7-E","102957","No Warehouse SKUs Available"
"TS-CAMS496E","Camtasia Studio 7 (25-49 Users)","","","","CAMS49-7-E","102957","No Warehouse SKUs Available"
"TS-CAMS996E","Camtasia Studio 7 (50-99 Users)","","","","CAMS99-7-E","102957","No Warehouse SKUs Available"
"TS-CMAC011","Camtasia for Mac","","2523007","","CMAC01-1","102957",""
"TS-CMAC011E","Camtasia for Mac - Download","","","","CMAC01-1-E","102957","No Warehouse SKUs Available"
"TS-CMAC011HOME","Camtasia for Mac","","","","CMAC01-1-E","","No Warehouse SKUs Available"
"TS-CMAC012","Camtasia for Mac 2","","","","CMAC01-2","102957","No Warehouse SKUs Available"
"TS-CMAC01MAINT","Camtasia for Mac - Maintenance","","2523029","","CMAC01MAINT","102957",""
"TS-CMAC01REN","Camtasia for Mac - Maintenance Renewal","","2523036","","CMAC01REN","102957",""
"TS-CMAC01U2","Camtasia for Mac 2 - Upgrade","","","","CMAC01U-2","102957","No Warehouse SKUs Available"
"TS-CMAC091E","Camtasia for Mac License","","","","CMAC09-1-E","102957","No Warehouse SKUs Available"
"TS-CMAC091EHOME","Camtasia for Mac License","","","","CMAC09-1-E","","No Warehouse SKUs Available"
"TS-CMAC141E","Camtasia for Mac (10-14 Users)","","","","CMAC14-1-E","102957","No Warehouse SKUs Available"
"TS-CMAC1991E","Camtasia for Mac (100+ Users)","","","","CMAC199-1-E","102957","No Warehouse SKUs Available"
"TS-CMAC241-E","Camtasia for Mac (15-24 Users)","","","","CMAC24-1-E","102957","No Warehouse SKUs Available"
"TS-CMAC491-E","Camtasia for Mac (25-49 Users)","","","","CMAC49-1-E","102957","No Warehouse SKUs Available"
"TS-CMAC991-E","Camtasia for Mac (50-99 Users)","","","","CMAC99-1-E","102957","No Warehouse SKUs Available"
"TS-CSBN01711","Camtasia Studio and Snagit Bundle","","","","CSBN01-7/11","102957","No Warehouse SKUs Available"
"TS-CSBN01711E","Camtasia Studio and Snagit Bundle (Electronic)","","3182748","","CSBN01-7/11-E","102957",""
"TS-CSBN01MAINT","Camtasia Studio and Snagit Bundle - Maintenance","","2701600","","CSBN01MAINT","102957",""
"TS-CSBN01REN","Camtasia Studio and Snagit Bundle - Maintenance Renewal","","2701607","","CSBN01REN","102957",""
"TS-CSBN01U710E","Camtasia Studio and Snagit Bundle Upgrade (Electronic)","","","","CSBN01U-7/10-E","102957","No Warehouse SKUs Available"
"TS-CSBUN0969E","Camtasia Studio and Snagit Bundle License","","","","CSBUN09-7/9-E","102957","No Warehouse SKUs Available"
"TS-CSBUN0969EHOME","Camtasia Studio and Snagit Bundle License","","","","CSBUN09-7/9-E","","No Warehouse SKUs Available"
"TS-CSBUN1469E","Camtasia Studio and Snagit Bundle (10-14 Users)","","","","CSBUN14-7/9-E","102957","No Warehouse SKUs Available"
"TS-CSBUN19969E","Camtasia Studio and Snagit Bundle (100+ Users)","","","","CSBUN199-7/9-E","102957","No Warehouse SKUs Available"
"TS-CSBUN2469E","Camtasia Studio and Snagit Bundle (15-24 Users)","","","","CSBUN24-7/9-E","102957","No Warehouse SKUs Available"
"TS-CSBUN4969E","Camtasia Studio and Snagit Bundle (25-49 Users)","","","","CSBUN49-7/9-E","102957","No Warehouse SKUs Available"
"TS-CSBUN9969E","Camtasia Studio and Snagit Bundle (50-99 Users)","","","","CSBUN99-7/9-E","102957","No Warehouse SKUs Available"
"TS-MBUN013","Morae 3 Recorder and Observer Bundle","","","","MBUN01-3","102957","No Warehouse SKUs Available"
"TS-MBUN013E","Morae 3 Recorder and Observer Bundle (Electronic)","","","","MBUN01-3-E","102957","No Warehouse SKUs Available"
"TS-MBUN01MAINT","Morae 3 Recorder and Observer Bundle - Maintenance","","","","MBUN01MAINT","102957",""
"TS-MBUN01REN","Morae 3 Recorder and Observer Bundle - Maintenance Renewal","","","","MBUN01REN","102957",""
"TS-MBUN01U3","Morae 3 Recorder and Observer Bundle Upgrade","","","","MBUN01U-3","102957","No Warehouse SKUs Available"
"TS-MBUN01U3E","Morae 3 Recorder and Observer Bundle Upgrade (Electronic)","","","","MBUN01U-3-E","102957","No Warehouse SKUs Available"
"TS-MBUN093E","Morae 3 Recorder and Observer Bundle License","","","","MBUN09-3-E","102957","No Warehouse SKUs Available"
"TS-MBUN093EHOME","Morae 3 Recorder and Observer Bundle License","","","","MBUN09-3-E","","No Warehouse SKUs Available"
"TS-MBUN193E","Morae 3 Recorder and Observer Bundle (10+ Users)","","","","MBUN19-3-E","102957","No Warehouse SKUs Available"
"TS-MMAN013","Morae 3 Manager","","","","MMAN01-3","102957","No Warehouse SKUs Available"
"TS-MMAN013E","Morae 3 Manager (Electronic)","","","","MMAN01-3-E","102957","No Warehouse SKUs Available"
"TS-MMAN01MAINT","Morae 3 Manager - Maintenance","","","","MMAN01MAINT","102957",""
"TS-MMAN01REN","Morae 3 Manager - Maintenance Renewal","","","","MMAN01REN","102957",""
"TS-MMAN01U3","Morae 3 Manager Upgrade","","","","MMAN01U-3","102957","No Warehouse SKUs Available"
"TS-MMAN01U3E","Morae 3 Manager Upgrade (Electronic)","","","","MMAN01U-3-E","102957","No Warehouse SKUs Available"
"TS-MMAN093E","Morae 3 Manager License","","","","MMAN09-3-E","102957","No Warehouse SKUs Available"
"TS-MMAN093EHOME","Morae 3 Manager License","","","","MMAN09-3-E","","No Warehouse SKUs Available"
"TS-MMAN193E","Morae 3 Manager (10+ Users)","","","","MMAN19-3-E","102957","No Warehouse SKUs Available"
"TS-MOBS013","Morae 3 Observer","","","","MOBS01-3","102957","No Warehouse SKUs Available"
"TS-MOBS013E","Morae 3 Observer (Electronic)","","","","MOBS01-3-E","102957","No Warehouse SKUs Available"
"TS-MOBS01MAINT","Morae 3 Observer - Maintenance","","","","MOBS01MAINT","102957",""
"TS-MOBS01REN","Morae 3 Observer - Maintenance Renewal","","","","MOBS01REN","102957",""
"TS-MOBS01U3","Morae 3 Observer Upgrade","","","","MOBS01U-3","102957","No Warehouse SKUs Available"
"TS-MOBS01U3E","Morae 3 Observer Upgrade (Electronic)","","","","MOBS01U-3-E","102957","No Warehouse SKUs Available"
"TS-MOBS093E","Morae 3 Observer (5-9 Users)","","","","MOBS09-3-E","102957","No Warehouse SKUs Available"
"TS-MOBS093EHOME","Morae 3 Observer (5-9 Users)","","","","MOBS09-3-E","","No Warehouse SKUs Available"
"TS-MOBS193E","Morae 3 Observer (10+ Users)","","","","MOBS19-3-E","102957","No Warehouse SKUs Available"
"TS-MOR013","Morae Standard 3 - Manager Observer Recorder","","","","MOR01-3","102957","No Warehouse SKUs Available"
"TS-MOR013E","Morae Standard 3 - Manager Observer Recorder (Electronic)","","","","MOR01-3-E","102957","No Warehouse SKUs Available"
"TS-MOR01MAINT","Morae Standard 3 - Manager Observer Recorder - Maintenance","","2450279","","MOR01MAINT","102957",""
"TS-MOR01REN","Morae Standard 3 - Manager Observer Recorder - Maintenance Renewal","","2432381","","MOR01REN","102957",""
"TS-MOR01U3","Morae Standard 3 Upgrade - Manager Observer Recorder","","","","MOR01U-3","102957","No Warehouse SKUs Available"
"TS-MOR01U3E","Morae Standard 3 Upgrade - Manager Observer Recorder (Electronic)","","","","MOR01U-3-E","102957","No Warehouse SKUs Available"
"TS-MOR093E","Morae Standard 3 - Manager Observer Recorder License","","","","MOR09-3-E","102957","No Warehouse SKUs Available"
"TS-MOR093EHOME","Morae Standard 3 - Manager Observer Recorder License","","","","MOR09-3-E","","No Warehouse SKUs Available"
"TS-MOR193E","Morae Standard 3 - Manager Observer Recorder (10+ Users)","","","","MOR19-3-E","102957","No Warehouse SKUs Available"
"TS-MREC013","Morae 3 Recorder","","","","MREC01-3","102957","No Warehouse SKUs Available"
"TS-MREC013E","Morae 3 Recorder (Electronic)","","","","MREC01-3-E","102957","No Warehouse SKUs Available"
"TS-MREC01MAINT","Morae 3 Recorder - Maintenance","","","","MREC01MAINT","102957",""
"TS-MREC01REN","Morae 3 Recorder - Maintenance Renewal","","","","MREC01REN","102957",""
"TS-MREC01U3","Morae 3 Recorder Upgrade","","","","MREC01U-3","102957","No Warehouse SKUs Available"
"TS-MREC01U3E","Morae 3 Recorder Upgrade (Electronic)","","","","MREC01U-3-E","102957","No Warehouse SKUs Available"
"TS-MREC093E","Morae 3 Recorder License","","","","MREC09-3-E","102957","No Warehouse SKUs Available"
"TS-MREC093EHOME","Morae 3 Recorder License","","","","MREC09-3-E","","No Warehouse SKUs Available"
"TS-MREC193E","Morae 3 Recorder (10+ Users)","","","","MREC19-3-E","102957","No Warehouse SKUs Available"
"TS-SNAG0111","Snagit 11","","3182651","","SNAG01-11","102957",""
"TS-SNAG0111DL","Snagit 11 - Download","","","","SNAG0111DL","","No Warehouse SKUs Available"
"TS-SNAG0111HOME","Snagit 11","","","","SNAG0111DL","","No Warehouse SKUs Available"
"TS-SNAG01U11","Snagit 11 - Upgrade","","3182652","","SNAG01U-11","102957",""
"TS-SNAG01U11E","Snagit 11 - Upgrade - Download","","3182680","","SNAG01U-11-E","102957",""
"TS-SNAG01U11HOME","Snagit 11 - Upgrade","","","","SNAG01U-11-E","","No Warehouse SKUs Available"
"TS-SNAG0911E","Snagit 11 License","","","","SNAG09-11-E","102957","No Warehouse SKUs Available"
"TS-SNAG0911EHOME","Snagit 11 License","","","","SNAG09-11-E","","No Warehouse SKUs Available"
"TS-SNAG199911E","Snagit 11 (1000-1999 Users)","","","","SNAG1999-11-E","102957","No Warehouse SKUs Available"
"TS-SNAG2411E","Snagit 11 (10-24 Users)","","","","SNAG24-11-E","102957","No Warehouse SKUs Available"
"TS-SNAG299911E","Snagit 11 (2000-2999 Users)","","","","SNAG2999-11-E","102957","No Warehouse SKUs Available"
"TS-SNAG449911E","Snagit 11 (3000-4499 Users)","","","","SNAG4499-11-E","102957","No Warehouse SKUs Available"
"TS-SNAG49911E","Snagit 11 (100-499 Users)","","","","SNAG499-11-E","102957","No Warehouse SKUs Available"
"TS-SNAG599911E","Snagit 11 (4500-5999 Users)","","","","SNAG5999-11-E","102957","No Warehouse SKUs Available"
"TS-SNAG749911E","Snagit 11 (6000+ Users)","","","","SNAG7499-11-E","102957","No Warehouse SKUs Available"
"TS-SNAG9911E","Snagit 11 (25-99 Users)","","","","SNAG99-11-E","102957","No Warehouse SKUs Available"
"TS-SNAG99911E","Snagit 11 (500-999 Users)","","","","SNAG999-11-E","102957","No Warehouse SKUs Available"
"TT-LADALL0012C1","Adobe Online Training Library - License","","","","LADALL0012C1","1020896","No Warehouse SKUs Available"
"TT-LADALL0012C1HOME","Adobe Online Training Library - License","","","","LADALL0012C1","","No Warehouse SKUs Available"
"TT-LADALL0012C2","Adobe Online Training Library - License (5-14)","","","","LADALL0012C2","1020896","No Warehouse SKUs Available"
"TT-LADALL0012C3","Adobe Online Training Library - License (15-49)","","","","LADALL0012C3","1020896","No Warehouse SKUs Available"
"TT-LMSALL0012C1","Microsoft Online Training Library - License","","","","LMSALL0012C1","1020896","No Warehouse SKUs Available"
"TT-LMSALL0012C1HOME","Microsoft Online Training Library - License","","","","LMSALL0012C1","","No Warehouse SKUs Available"
"TT-LMSALL0012C2","Microsoft Online Training Library - License (5-14)","","","","LMSALL0012C2","1020896","No Warehouse SKUs Available"
"TT-LMSALL0012C3","Microsoft Online Training Library - License (15-49)","","","","LMSALL0012C3","1020896","No Warehouse SKUs Available"
"TT-LTTALL0012C1","All-Access Online Training Library - License","","","","LTTALL0012C1","1020896","No Warehouse SKUs Available"
"TT-LTTALL0012C1HOME","All-Access Online Training Library - License","","","","LTTALL0012C1","","No Warehouse SKUs Available"
"TT-LTTALL0012C2","All-Access Online Training Library - License (5-14)","","","","LTTALL0012C2","1020896","No Warehouse SKUs Available"
"TT-LTTALL0012C3","All-Access Online Training Library - License (15-49)","","","","LTTALL0012C3","1020896","No Warehouse SKUs Available"
"TT-TACBT9","Total Training for Acrobat 9 Essentials","","","","TACBT9","1020896",""
"TT-TACBTX","Total Training for Acrobat X Pro: Essentials","","","","TACBTX","1020896",""
"TT-TAECS5","Total Training for After Effects CS5: Essentials","","","","TAECS5","1020896",""
"TT-TAK3DMAX","Introduction to 3ds Max: Tools and Workflow","","","","TAK3DMAX","1020896","No Warehouse SKUs Available"
"TT-TAPSCS4BUNDLE","Total Training for CS4 Production Premium Bundle","","","","TAPSCS4BUNDLE","1020896",""
"TT-TAPSCS5","Total Training for CS5 Production Essentials Premium Bundle","","","","TAPSCS5BUNDLE","1020896",""
"TT-TCS4DESIGN","Total Training for CS4 Design: Workflow","","","","TCS4DESIGN","1020896",""
"TT-TCS4DESIGNBUNDLE","Total Training for CS4 Design Bundle","","","","TCS4DESIGNBUNDLE","1020896",""
"TT-TCS4MASTERSBUNDLE","Total Training for CS4 Master Collection Essentials Bundle","","","","TCS4MASTERSBUNDLE","1020896",""
"TT-TCS5DESIGNBUNDLE","Total Training for CS5 Design Essentials Premium Bundle","","","","TCS5DESIGNBUNDLE","1020896",""
"TT-TCS5MASTERSBUNDLE","Total Training for CS5 Master Collection Essentials Bundle","","","","TCS5MASTERSBUNDLE","1020896",""
"TT-TCS5WEBPREMIUMBUN","Total Training for CS5 Web Design Bundle","","","","TCS5WEBDESBUNDLE","1020896",""
"TT-TDREAMCS4","Total Training for Dreamweaver CS4: Essentials","","","","TDREAMCS4","1020896",""
"TT-TDREAMCS4ADV","Total Training for Dreamweaver CS4: Advanced","","","","TDREAMCS4ADV","1020896",""
"TT-TDREAMCS5","Total Training for Dreamweaver CS5: Essentials","","","","TDREAMCS5","1020896",""
"TT-TELEMENTS7BUNDLE","Total Training for Elements 7 Bundle","","","","TELEMENTS7BUNDLE","1020896",""
"TT-TEXCEL10ADV","Total Training for Excel 2010: Advanced","DN2870","","","TEXCEL10 ADV","1020896",""
"TT-TEXCEL2010","Total Training for Excel 2010: Essentials","","","","TEXCEL2010","1020896",""
"TT-TEXPWEB","Total Training for Expression Web","","","","TEXPWEB","1020896",""
"TT-TEXPWEB2","Total Training for Expression Web 2","","","","TEXPWEB2","1020896",""
"TT-TFIREWORKSCS5","Total Training for Fireworks CS5: Essentials","","","","TFIREWORKSCS5","1020896",""
"TT-TFLASH9","Total Training for Flash CS3: Essentials","","","","TFLASH9","1020896",""
"TT-TFLASHCS4","Total Training for Flash CS4: Essentials","","","","TFLASHCS4","1020896",""
"TT-TFLASHCS4ADV","Total Training for Flash CS4: Advanced","","","","TFLASHCS4ADV","1020896",""
"TT-TFLASHCS5","Total Training for Flash Professional CS5: Essentials","","","","TFLASHCS5","1020896",""
"TT-TFLCATCS55","Total Training for Flash Catalyst CS5.5: Essentials","","","","TFLCATCS55","1020896",""
"TT-TILLUSCS4","Total Training for Illustrator CS4: Essentials","","","","TILLUSCS4","1020896",""
"TT-TILLUSCS4ADV","Total Training for Illustrator CS4: Advanced","","","","TILLUSCS4ADV","1020896",""
"TT-TILLUSCS5","Total Training for Illustrator CS5: Essentials","","","","TILLUSCS5","1020896",""
"TT-TINDECS4","Total Training for InDesign CS4: Essentials","","","","TINDECS4","1020896",""
"TT-TINDECS4ADV","Total Training for InDesign CS4: Advanced","","","","TINDECS4ADV","1020896",""
"TT-TINDECS5","Total Training for InDesign CS5: Essentials","","","","TINDECS5","1020896",""
"TT-TMSEXPSTUDIO20","Total Training for Expression Studio 2","","","","TMSEXPSTUDIO20","1020896",""
"TT-TMSO2007","Total Training for Office 2007: Getting Up to Speed","","","","TMSO2007","1020896",""
"TT-TMSO2010","Total Training for Office 2010: Getting Up to Speed","","","","TMSO2010","1020896",""
"TT-TMSO2010NF","Total Training for Office 2010: New Features","","","","TMSO2010NF","1020896",""
"TT-TMSOL10","Total Training for Outlook 2010","DY2199","","","TMSOL10","1020896",""
"TT-TMSP2010","Total Training for PowerPoint 2010","","","","TMSP2010","1020896",""
"TT-TMSWORD2010","Total Training for Word 2010","KE9207","","","TMSWORD 2010","1020896",""
"TT-TMWIN7","Total Training for Windows 7","CV1671","","","TMWIN7","1020896",""
"TT-TPREE7","Total Training for Premiere Elements 7","","","","TPREE7","1020896",""
"TT-TPREPROCS4","Total Training for Premiere Pro CS4: Essentials","","","","TPREPROCS4","1020896",""
"TT-TPREPROCS5","Total Training for Premiere Pro CS5: Essentials","","","","TPREPROCS5","1020896",""
"TT-TPSCS4","Total Training for Photoshop CS4 Extended: Essentials","","","","TPSCS4","1020896",""
"TT-TPSCS5","Total Training for Photoshop CS5 Extended: Essentials","","","","TPSCS5","1020896",""
"TT-TPSCS5ADV","Total Training for Photoshop CS5 Extended: Advanced","","","","TPSCS5ADV","1020896",""
"TT-TPSE7","Total Training for Photoshop Elements 7","","","","TPSE7","1020896",""
"TT-TPSE8","Total Training for Photoshop Elements 8","","","","TPSE8","1020896",""
"TT-TQBK20092010","Mastering QuickBooks Pro 2010","","","","TQBK20092010","1020896","No Warehouse SKUs Available"
"TT-TQBKPRO2009","Mastering Intuit QuickBooks Pro 2009","CN6036","","","TQBKPRO2009","1020896",""
"TT-TVIS2008","Total Training for Visual Studio 2008","","","","TVIS2008","1020896",""
"TU-US123BM","TuneUp Utilities 2012 (Electronic Delivery)","","","","US123BM","1027259",""
